{"Edges:":[{"src":0,"w":0.006117182265761301,"dest":1},{"src":1,"w":0.20771484130971707,"dest":0},{"src":1,"w":0.9471949176631939,"dest":1}],"Nodes":[{"pos:":"0.0 ,0.0 ,0.0","id:":0},{"pos:":"0.0 ,0.0 ,1.0","id:":1}]}